Poi,Name,Artist,Description
"(91, 51, 4)","Mona Lisa","Leonardo da Vinci","The Mona Lisa, painted by Leonardo da Vinci between 1503 and 1506, is one of the most celebrated works in the history of art. This portrait of a woman, believed to be Lisa Gherardini, is renowned for her enigmatic expression, often described as both alluring and mysterious. Da Vinci's use of the sfumato technique, which blends colors and tones seamlessly, contributes to the lifelike quality of the painting. The Mona Lisa's gaze, which seems to follow the viewer from any angle, has captivated audiences for centuries. The painting's subtle use of light and shadow creates a three-dimensional effect, enhancing the subject's realism. It is housed in the Louvre Museum in Paris and remains a symbol of Renaissance art's technical and aesthetic achievements."
"(82, 45, 2)","Starry Night","Vincent van Gogh","Starry Night, painted in 1889, is one of Vincent van Gogh's most famous works and a cornerstone of Post-Impressionism. Created during his time in the asylum at Saint-Rémy-de-Provence, the painting depicts a turbulent night sky filled with swirling stars and a bright crescent moon, above the quiet town below. The cypress tree in the foreground, often interpreted as a symbol of death, reaches up towards the sky, connecting the earthly realm with the heavens. Van Gogh's bold use of color, impasto technique, and expressive brushwork convey the emotional intensity of the scene. Despite the calmness of the village, the sky is alive with movement, reflecting Van Gogh's inner turmoil and his deep connection with nature. The Starry Night is not only a visual masterpiece but also a profound exploration of the artist's psychological state."
"(74, 38, 1)","The Last Supper","Leonardo da Vinci","The Last Supper, created by Leonardo da Vinci between 1495 and 1498, is a mural that represents one of the most dramatic moments in Christian narrative – the moment Jesus announces that one of his disciples will betray him. The painting is located in the Convent of Santa Maria delle Grazie in Milan. Da Vinci's innovative use of perspective draws the viewer's attention directly to Christ, who is the central figure, while the expressions and gestures of the disciples reveal their shock and concern. The composition is meticulously balanced, with the apostles grouped in threes, creating a dynamic and harmonious scene. The Last Supper is considered a masterpiece of Renaissance art, showcasing Da Vinci's understanding of human emotion, anatomy, and his pioneering use of linear perspective."
"(65, 33, 5)","The Scream","Edvard Munch","The Scream, painted by Edvard Munch in 1893, is a seminal work in the Expressionist movement and one of the most iconic images in modern art. The painting portrays a figure standing on a bridge, clutching its face in terror, with a swirling, blood-red sky behind it. The figure's agonized expression is said to represent the universal anxiety of modern humanity, a theme that Munch explored throughout his career. The inspiration for the painting came from a panic attack Munch experienced while walking with friends, and the intense emotional impact is conveyed through the distorted forms and bold, contrasting colors. The Scream captures a moment of existential dread and has been interpreted as a reflection of the psychological turmoil of the artist and the era."
"(58, 29, 3)","The Birth of Venus","Sandro Botticelli","The Birth of Venus, created by Sandro Botticelli in the mid-1480s, is a masterpiece of the Italian Renaissance that depicts the goddess Venus emerging from the sea on a shell. The painting, executed in tempera on canvas, is celebrated for its beauty, grace, and elegance. Venus, the embodiment of divine love and beauty, is depicted with an ethereal quality, her golden hair flowing and her body perfectly proportioned. The composition is balanced with figures on either side of Venus – Zephyrus, the god of the west wind, and a nymph, blowing her to shore, and a handmaiden ready to cover her with a cloak. The work is notable for its use of linear perspective and the delicate, pastel colors that create a sense of calm and harmony. The Birth of Venus is considered one of the most iconic images of Renaissance art and a symbol of classical beauty."
"(48, 25, 1)","The School of Athens","Raphael","The School of Athens, painted by Raphael between 1509 and 1511, is a fresco located in the Vatican's Apostolic Palace, specifically in the Stanza della Segnatura. This work is widely regarded as Raphael's masterpiece and one of the great achievements of High Renaissance art. The fresco depicts a gathering of ancient philosophers and scientists, with Plato and Aristotle at the center, symbolizing the different schools of thought in philosophy. The composition is carefully balanced, with each figure placed in a harmonious arrangement that reflects their intellectual stature and philosophical contributions. The use of perspective is masterful, drawing the viewer's eye into the depth of the scene, creating a sense of grand architecture and space. The painting is celebrated for its clarity, grace, and the way it embodies the ideals of the Renaissance – the pursuit of knowledge, beauty, and harmony."
"(37, 20, 4)","Café Terrace at Night","Vincent van Gogh","Vincent van Gogh's Café Terrace at Night, painted in 1888, is a vibrant depiction of a café in Arles, France, under a starry sky. This work is one of the first in which Van Gogh experimented with nocturnal scenes, using the contrast between the artificial light of the café and the natural light of the stars to create a warm, inviting atmosphere. The composition is characterized by its bright yellow tones contrasted with the deep blues of the night sky, and the bustling scene captures the lively, yet intimate ambiance of the café. Van Gogh's distinctive brushwork and his use of complementary colors enhance the sense of movement and energy in the scene. The painting is a celebration of modern urban life and is one of Van Gogh's most beloved works, illustrating his ability to infuse ordinary scenes with profound emotional depth."
"(30, 15, 2)","The Kiss","Gustav Klimt","Gustav Klimt's The Kiss, painted between 1907 and 1908, is one of the most famous works of the Symbolist movement and a masterpiece of Art Nouveau. The painting depicts a couple locked in an intimate embrace, their bodies entwined in elaborate, golden robes adorned with geometric patterns. The use of gold leaf, combined with the detailed patterns and the sensuous depiction of the figures, gives the painting a luxurious and ethereal quality. The Kiss is often interpreted as a celebration of love and passion, but it also reflects the complexity of human relationships, with the rich, symbolic motifs adding layers of meaning. The painting is a testament to Klimt's innovative use of materials and his ability to blend symbolism with aesthetic beauty."
"(22, 10, 3)","The Death of Marat","Jacques-Louis David","The Death of Marat, painted in 1793 by Jacques-Louis David, is a powerful neoclassical work that portrays the murdered French revolutionary leader Jean-Paul Marat. Marat, a key figure in the French Revolution, is depicted in the moments after his assassination in his bath by Charlotte Corday. The painting is stark and somber, with Marat shown holding a letter from his assassin, his lifeless body draped over the edge of the tub. David, who was a close friend of Marat, chose to depict him as a martyr of the Revolution, using the simplicity of the composition and the stark contrast of light and shadow to convey the gravity of the moment. The work is considered one of the greatest examples of political art, combining historical documentation with emotional impact."
"(18, 5, 1)","The Son of Man","René Magritte","René Magritte's The Son of Man, painted in 1964, is one of the most recognizable works of Surrealism. The painting features a man in a bowler hat, his face obscured by a floating green apple. Magritte often used ordinary objects in unexpected contexts to challenge the viewer's perception of reality. In The Son of Man, the apple, which covers the man's face, invites questions about identity, visibility, and the hidden aspects of human nature. The painting reflects Magritte's fascination with the mysteries of the human condition and his desire to provoke thought rather than provide clear answers. The Son of Man has become an iconic image, symbolizing the enigmatic and paradoxical nature of human existence."
"(12, 8, 4)","Guernica","Pablo Picasso","Guernica, painted by Pablo Picasso in 1937, is a monumental work that stands as one of the most powerful anti-war statements in art history. The painting was created in response to the bombing of the Basque town of Guernica during the Spanish Civil War. Picasso's use of monochromatic colors, abstract forms, and distorted figures conveys the horror and chaos of the event. The composition is filled with symbolism, including the bull, which represents brutality, and the mother holding her dead child, symbolizing suffering. Guernica is not just a depiction of a specific event but a universal statement on the tragedies of war and the suffering it inflicts on innocent lives. The painting's impact is amplified by its large scale and its emotional intensity, making it a central piece in the history of modern art."
"(5, 3, 2)","The Persistence of Memory","Salvador Dalí","The Persistence of Memory, painted by Salvador Dalí in 1931, is one of the most famous works of Surrealism. The painting features melting clocks draped over a barren landscape, with a distorted face in the foreground. The work is often interpreted as a meditation on the fluidity of time and the impermanence of reality. Dalí's meticulous technique and dreamlike imagery create a sense of unease, inviting the viewer to question the nature of time and existence. The painting is also seen as a reflection of Dalí's own fears and obsessions, blending the real with the surreal in a way that challenges conventional perceptions of the world. The Persistence of Memory is a key example of Dalí's ability to transform ordinary objects into symbols of deeper psychological meaning."
"(7, 9, 1)","Girl with a Pearl Earring","Johannes Vermeer","Girl with a Pearl Earring, painted by Johannes Vermeer around 1665, is often referred to as the 'Mona Lisa of the North' due to its enigmatic quality. The painting depicts a young girl wearing an exotic dress and a large pearl earring, with her head turned over her shoulder as if responding to someone just outside the frame. The use of light in the painting is masterful, with the soft illumination enhancing the girl's delicate features and the subtle glow of the pearl. Vermeer's attention to detail and his ability to capture the fleeting expression of the girl make this work a masterpiece of Baroque portraiture. The painting has inspired countless interpretations and has become one of the most beloved works in Western art."
"(10, 4, 1)","American Gothic","Grant Wood","American Gothic, painted by Grant Wood in 1930, is a quintessential example of American Regionalism. The painting portrays a stern-looking farmer holding a pitchfork, standing beside a woman who is often assumed to be his wife, though they are modeled after Wood's sister and his dentist. The backdrop is a Gothic-style house, which gives the painting its title. The work is celebrated for its detailed portrayal of rural American life during the Great Depression, highlighting themes of austerity, resilience, and moral fortitude. The painting's stoic figures and meticulously rendered details have made it an iconic image in American art."
"(12, 8, 4)","The Night Watch","Rembrandt","The Night Watch, completed by Rembrandt van Rijn in 1642, is one of the most famous paintings of the Dutch Golden Age. Officially titled 'The Company of Frans Banning Cocq and Willem van Ruytenburch', this large group portrait depicts a city militia moving out, led by Captain Banning Cocq. The painting is renowned for its dramatic use of light and shadow (chiaroscuro), which creates a sense of depth and motion, bringing the figures to life. The Night Watch is celebrated for its composition, which breaks from the traditional static group portrait, infusing it with a dynamic narrative and emotional depth."
"(22, 5, 3)","The Garden of Earthly Delights","Hieronymus Bosch","The Garden of Earthly Delights, created by Hieronymus Bosch between 1490 and 1510, is a triptych that explores the themes of sin and human folly. The left panel depicts the Garden of Eden, the central panel shows a fantastical world of pleasure and excess, and the right panel portrays the torments of Hell. Bosch's intricate and imaginative detail presents a vision of moral lessons and the consequences of earthly indulgence. The painting's complex symbolism and surreal imagery have intrigued and puzzled viewers for centuries, making it a cornerstone of Northern Renaissance art."
"(15, 6, 2)","The Creation of Adam","Michelangelo","The Creation of Adam, painted by Michelangelo between 1508 and 1512, is one of the most iconic images in Western art. Located on the ceiling of the Sistine Chapel in Vatican City, this fresco depicts the biblical creation narrative where God breathes life into Adam, the first man. The outstretched hands of God and Adam, nearly touching, have become a symbol of human potential and divine connection. Michelangelo's masterful rendering of the human form, combined with the fresco's profound spiritual message, makes this work a pinnacle of Renaissance art."
"(33, 11, 4)","Liberty Leading the People","Eugène Delacroix","Liberty Leading the People, painted by Eugène Delacroix in 1830, commemorates the July Revolution in France that led to the overthrow of King Charles X. The painting depicts Liberty as a symbolic figure leading a diverse group of revolutionaries over the barricades, with the French tricolor flag held high. Delacroix's dynamic composition, dramatic use of color, and intense emotional expression make this work a masterpiece of Romanticism and a powerful political statement. The figure of Liberty, often associated with the personification of France, has become an enduring symbol of freedom and democracy."
"(45, 21, 3)","The Arnolfini Portrait","Jan van Eyck","The Arnolfini Portrait, created by Jan van Eyck in 1434, is a masterful example of Northern Renaissance art. The painting depicts the merchant Giovanni di Nicolao di Arnolfini and his wife in a richly detailed domestic interior. Van Eyck's use of oil paint allowed for meticulous detail, visible in the textures of the clothing, the chandelier, and the convex mirror in the background. The mirror, which reflects the couple and two other figures, has been the subject of much interpretation and analysis. The painting is celebrated for its realism, symbolic elements, and van Eyck's signature, which is inscribed as 'Johannes de Eyck fuit hic' ('Jan van Eyck was here')."
"(36, 19, 4)","The Hay Wain","John Constable","The Hay Wain, painted by John Constable in 1821, is one of the most famous works of British landscape art. The painting depicts a rural scene in Suffolk, England, with a cart (wain) being pulled through the River Stour. Constable's use of light and color captures the beauty and tranquility of the English countryside, reflecting his deep affection for the natural world. The painting's detailed sky, with its dynamic clouds, and the serene landscape beneath it, have made The Hay Wain an enduring symbol of pastoral life and Romanticism in art."
"(28, 15, 3)","The Swing","Jean-Honoré Fragonard","The Swing, painted by Jean-Honoré Fragonard in 1767, is a quintessential example of Rococo art, known for its playful and romantic themes. The painting depicts a young woman on a swing, being pushed by an older man, while her lover hides in the bushes, looking up at her with adoration. The lush, overgrown garden, the woman's billowing dress, and the delicate, pastel colors all contribute to the painting's lighthearted and sensuous atmosphere. The Swing is celebrated for its intricate composition, its exploration of love and desire, and its embodiment of the Rococo style's emphasis on pleasure and beauty."
"(19, 8, 2)","Las Meninas","Diego Velázquez","Las Meninas, painted by Diego Velázquez in 1656, is one of the most analyzed and discussed works in Western art history. The painting depicts the young Infanta Margarita Teresa surrounded by her entourage of maids of honor, chaperone, bodyguard, and two dwarfs, in the artist's studio in the Royal Alcazar of Madrid. Velázquez himself is shown painting at a large canvas, while the king and queen are reflected in a mirror in the background. The complex composition, use of perspective, and the play on the viewer's gaze have made Las Meninas a masterpiece of Baroque art, full of mystery and ambiguity."
"(25, 14, 3)","The Raft of the Medusa","Théodore Géricault","The Raft of the Medusa, painted by Théodore Géricault in 1818-1819, is a monumental work of Romanticism. The painting depicts the aftermath of the wreck of the French naval frigate Méduse, where 147 people were set adrift on a makeshift raft. The scene captures the moment when the survivors, reduced to cannibalism and near death, spot a ship on the horizon. Géricault's use of dramatic light, intense emotion, and careful composition creates a powerful and haunting image that criticizes the incompetence of the French government at the time. The painting is considered one of the greatest achievements of French Romantic art."
"(31, 16, 2)","The Dance","Henri Matisse","The Dance, created by Henri Matisse in 1910, is a vibrant and dynamic composition that captures the joy of movement. The painting depicts five figures holding hands and dancing in a circle, set against a rich blue sky and green landscape. Matisse's use of bold colors and simple forms reflects his interest in the expressive potential of color and movement. The Dance is often seen as a symbol of life, energy, and freedom, embodying the ideals of Fauvism, a movement that emphasized painterly qualities and strong color over representational or realistic values."
"(20, 10, 2)","The Sleeping Gypsy","Henri Rousseau","The Sleeping Gypsy, painted by Henri Rousseau in 1897, is a mysterious and dreamlike work that has intrigued viewers for over a century. The painting shows a sleeping woman, dressed in colorful robes, lying in a desert landscape under a starry sky, while a lion quietly watches over her. The work is noted for its simplicity, flat planes of color, and surreal atmosphere, which have led to various interpretations, from a symbol of innocence and vulnerability to a representation of the subconscious mind. Rousseau, a self-taught artist, is celebrated for his unique style, which blends naive art with profound symbolism."
"(15, 9, 2)","Whistler's Mother","James McNeill Whistler","Whistler's Mother, formally titled 'Arrangement in Grey and Black No.1', was painted by James McNeill Whistler in 1871 and is one of the most famous portraits in American art. The painting depicts Whistler's mother, Anna McNeill Whistler, seated in profile against a plain wall, dressed in a black dress with a white lace cap. The work is characterized by its austere composition, the subdued palette of greys and blacks, and the formal arrangement that reflects the influence of Japanese art and Whistler's interest in harmony and balance. Whistler's Mother has become an iconic image of motherhood and a symbol of Victorian values."
"(17, 11, 3)","Nighthawks","Edward Hopper","Nighthawks, painted by Edward Hopper in 1942, is one of the most recognizable works of American art and a prime example of Hopper's exploration of urban isolation. The painting depicts a diner late at night, its large glass windows revealing four figures inside: three customers and a lone waiter. The stark lighting, the deserted streets outside, and the absence of any visible entrance to the diner create a sense of alienation and solitude. Hopper's precise use of light and shadow, along with his attention to architectural details, gives the painting its haunting, cinematic quality. Nighthawks is often interpreted as a reflection of the loneliness and anonymity of modern life."
"(23, 13, 2)","The Third of May 1808","Francisco Goya","The Third of May 1808, painted by Francisco Goya in 1814, is a powerful and emotional depiction of the execution of Spanish rebels by French soldiers during the Peninsular War. The painting captures the horror and brutality of war, with the central figure, a man in white with arms outstretched, facing the firing squad. The dramatic use of light and dark, with the victim illuminated against the dark background, heightens the sense of tragedy and martyrdom. The Third of May 1808 is considered one of the first modern paintings due to its unflinching portrayal of violence and its impact on the viewer's emotions."
"(26, 14, 3)","Water Lilies","Claude Monet","Water Lilies is a series of approximately 250 oil paintings by Claude Monet, created during the last thirty years of his life. These paintings depict the lily pond in Monet's garden at Giverny, and they are celebrated for their exploration of light, color, and reflection. The paintings are known for their loose, impressionistic brushstrokes and the way they capture the changing effects of light on water. The series culminated in the large-scale panels that are displayed at the Musée de l'Orangerie in Paris, where the viewer is surrounded by the tranquil beauty of Monet's vision. Water Lilies is a testament to Monet's lifelong fascination with the natural world and his innovative approach to capturing its essence on canvas."
"(29, 15, 2)","Bal du moulin de la Galette","Pierre-Auguste Renoir","Bal du moulin de la Galette, painted by Pierre-Auguste Renoir in 1876, is a vibrant depiction of a Sunday afternoon dance at the Moulin de la Galette, a popular outdoor venue in the Montmartre district of Paris. The painting captures the lively atmosphere of the gathering, with couples dancing, people chatting, and the sunlight filtering through the trees. Renoir's use of light and color, along with his loose brushwork, creates a sense of movement and joy. The work is celebrated for its depiction of contemporary Parisian life and its embodiment of the Impressionist style, which emphasizes the effects of light and the spontaneity of the moment."
"(32, 16, 3)","The Fighting Temeraire","J.M.W. Turner","The Fighting Temeraire, painted by J.M.W. Turner in 1839, is one of the most beloved works of British art. The painting depicts the HMS Temeraire, a ship that played a key role in the Battle of Trafalgar, being towed to its final berth to be broken up. The scene is bathed in the golden light of sunset, symbolizing the end of an era. Turner's masterful use of light and color, combined with the emotional resonance of the subject, makes The Fighting Temeraire a poignant tribute to the passing of time and the inevitability of change."
"(34, 17, 4)","Luncheon of the Boating Party","Pierre-Auguste Renoir","Luncheon of the Boating Party, painted by Pierre-Auguste Renoir between 1880 and 1881, is a lively depiction of a group of friends enjoying a leisurely meal on a balcony overlooking the Seine River. The painting captures the vibrancy and sociability of the Impressionist movement, with its focus on light, color, and the depiction of contemporary life. The figures, who include some of Renoir's close friends, are rendered with warmth and intimacy, and the interplay of light and shadow across the scene enhances the sense of immediacy and joy. Luncheon of the Boating Party is considered one of Renoir's greatest masterpieces and a quintessential example of Impressionist art."
"(38, 19, 3)","The Great Wave off Kanagawa","Hokusai","The Great Wave off Kanagawa, created by the Japanese artist Hokusai around 1831, is one of the most famous and recognizable works of Japanese art. This woodblock print, part of the series 'Thirty-Six Views of Mount Fuji', depicts a towering wave threatening boats off the coast of Kanagawa, with Mount Fuji visible in the background. The dynamic composition, with its bold lines and dramatic use of color, captures the power and beauty of nature. The Great Wave has been interpreted as a symbol of the impermanence of life and the power of nature, and it has had a profound influence on Western art, particularly the Impressionists."
"(40, 21, 3)","Impression, Sunrise","Claude Monet","Impression, Sunrise, painted by Claude Monet in 1872, is the work that gave the Impressionist movement its name. The painting depicts the port of Le Havre at sunrise, with the sun casting a soft, orange glow over the water and the boats. Monet's loose brushwork and emphasis on the effects of light create a sense of immediacy and atmosphere, capturing a fleeting moment in time. The work was initially criticized for its sketch-like quality, but it later became celebrated for its innovative approach to capturing the essence of a scene. Impression, Sunrise is now recognized as a pivotal work in the history of art, marking the beginning of modern painting."
"(43, 23, 3)","The Thinker","Auguste Rodin","The Thinker, created by Auguste Rodin in 1902, is one of the most famous sculptures in the world. The bronze statue depicts a man deep in thought, with his chin resting on his hand and his body tensed in concentration. The work was originally conceived as part of Rodin's larger work 'The Gates of Hell', inspired by Dante's Divine Comedy, and The Thinker represents Dante himself pondering the fate of those depicted in the scenes below. The sculpture has come to symbolize philosophy, contemplation, and the human condition, and it remains one of Rodin's most iconic and enduring works."
"(50, 26, 4)","Venus de Milo","Alexandros of Antioch","The Venus de Milo, created around 150 BCE by Alexandros of Antioch, is one of the most famous ancient Greek sculptures. The statue represents Aphrodite, the Greek goddess of love and beauty, and is celebrated for its graceful proportions and enigmatic beauty. The sculpture's missing arms have added to its mystery, and various theories have been proposed about what they originally held. The Venus de Milo is a masterpiece of Hellenistic art, embodying the ideals of classical beauty and the human form. It is now housed in the Louvre Museum in Paris, where it continues to captivate visitors from around the world."
"(52, 28, 3)","The Card Players","Paul Cézanne","The Card Players, created by Paul Cézanne between 1890 and 1895, is a series of five paintings depicting Provençal peasants playing cards. The work is celebrated for its exploration of form, color, and composition, with Cézanne's characteristic brushstrokes and attention to detail. The figures are rendered with a sense of gravity and stillness, emphasizing the contemplative nature of the game. The Card Players is considered a precursor to modern art, influencing the development of Cubism and other avant-garde movements."
"(54, 30, 3)","The Storm on the Sea of Galilee","Rembrandt","The Storm on the Sea of Galilee, painted by Rembrandt in 1633, is his only known seascape. The painting depicts the biblical story of Jesus calming the storm on the Sea of Galilee, with the ship's crew struggling against the violent waves. Rembrandt's dramatic use of light and shadow, along with the dynamic composition, creates a sense of movement and tension. The work is also notable for its detailed rendering of the figures, each of whom expresses a different emotion in response to the storm. The painting was stolen from the Isabella Stewart Gardner Museum in 1990 and remains missing, adding to its mystique."
"(56, 32, 4)","The Blue Boy","Thomas Gainsborough","The Blue Boy, painted by Thomas Gainsborough around 1770, is one of the most famous portraits in British art. The painting depicts a young boy dressed in a blue satin suit, standing in a landscape with a confident and relaxed posture. The work is celebrated for its use of color, particularly the vibrant blue of the boy's costume, which contrasts with the muted tones of the background. Gainsborough's skillful handling of light and texture, along with the elegance of the composition, has made The Blue Boy an enduring symbol of aristocratic youth and sophistication."
"(58, 34, 3)","The Birth of the Virgin","Fra Angelico","The Birth of the Virgin, painted by Fra Angelico around 1435, is a fresco that depicts the birth of the Virgin Mary. The scene is set in a Renaissance-style interior, with St. Anne lying in bed and attendants caring for the newborn Mary. The work is noted for its delicate use of color, graceful figures, and the sense of serenity that pervades the scene. Fra Angelico's mastery of perspective and his ability to convey spiritual themes with simplicity and clarity have made this fresco one of the masterpieces of early Renaissance art."
"(60, 36, 3)","The Oath of the Horatii","Jacques-Louis David","The Oath of the Horatii, painted by Jacques-Louis David in 1784, is a neoclassical masterpiece that depicts a scene from Roman legend. The painting shows the three Horatii brothers swearing an oath to defend Rome against the rival city of Alba, while their father holds their swords. The composition is marked by its clarity, balance, and the use of dramatic lighting to highlight the figures. The Oath of the Horatii is celebrated for its depiction of stoic virtue and patriotism, reflecting the ideals of the French Revolution and David's role as the leading painter of his time."
"(62, 38, 4)","The Sleeping Venus","Giorgione","The Sleeping Venus, painted by Giorgione around 1510, is one of the earliest examples of the reclining nude in Western art. The painting depicts the goddess Venus lying on a draped bed in a natural landscape, her body gracefully contoured and her expression serene. The work is celebrated for its sensual beauty, the harmony of its composition, and the soft, atmospheric quality of its colors. The Sleeping Venus influenced many later artists, including Titian, who completed the landscape background after Giorgione's death. The painting remains a key example of the Venetian Renaissance's emphasis on color and poetic imagery."
"(64, 40, 3)","The Triumph of Galatea","Raphael","The Triumph of Galatea, painted by Raphael around 1512, is a fresco that depicts the mythological scene of the sea nymph Galatea riding a shell chariot pulled by dolphins. The work is celebrated for its dynamic composition, vibrant colors, and the idealized beauty of the figures. Raphael's use of classical references, combined with his mastery of perspective and anatomy, makes The Triumph of Galatea a masterpiece of High Renaissance art. The fresco is located in the Villa Farnesina in Rome and is considered one of Raphael's greatest achievements."
"(66, 42, 3)","Olympia","Édouard Manet","Olympia, painted by Édouard Manet in 1863, is a landmark work in the history of modern art. The painting depicts a reclining nude woman, modeled after the famous courtesan Victorine Meurent, who gazes directly at the viewer with an assertive and unapologetic expression. The work caused a scandal when it was first exhibited, due to its stark realism, the confrontational gaze of the subject, and the implied themes of sexuality and class. Manet's bold use of color and his departure from traditional representations of the nude figure made Olympia a precursor to the avant-garde movements of the late 19th and early 20th centuries."
"(68, 44, 3)","The Burial of the Count of Orgaz","El Greco","The Burial of the Count of Orgaz, painted by El Greco between 1586 and 1588, is one of the artist's most famous works. The painting, located in the Church of Santo Tomé in Toledo, Spain, depicts the miraculous burial of Don Gonzalo Ruiz, Count of Orgaz, who was said to have been buried by Saints Stephen and Augustine. The work is noted for its dramatic composition, with the earthly scene below contrasted with a heavenly vision above. El Greco's use of elongated figures, vibrant colors, and spiritual intensity has made The Burial of the Count of Orgaz a masterpiece of Spanish Renaissance art."
"(70, 46, 4)","The Beheading of Saint John the Baptist","Caravaggio","The Beheading of Saint John the Baptist, painted by Caravaggio in 1608, is a powerful and dramatic depiction of the martyrdom of Saint John. The painting, located in the Co-Cathedral of St. John in Valletta, Malta, is one of Caravaggio's largest works and is considered one of his greatest masterpieces. The scene is rendered with Caravaggio's characteristic use of chiaroscuro, with stark contrasts between light and shadow heightening the emotional intensity of the moment. The work is also notable for its composition, with the figures arranged in a diagonal line that leads the viewer's eye towards the lifeless body of Saint John."
"(72, 48, 3)","The Gross Clinic","Thomas Eakins","The Gross Clinic, painted by Thomas Eakins in 1875, is a landmark work of American realism. The painting depicts Dr. Samuel D. Gross, a renowned surgeon, performing an operation in a surgical amphitheater, with medical students observing the procedure. Eakins' attention to anatomical detail, his use of dramatic lighting, and his focus on the intellectual and physical rigor of the surgical profession make The Gross Clinic a powerful and compelling work. The painting was initially controversial due to its graphic depiction of surgery, but it is now recognized as one of the greatest achievements of 19th-century American art."
"(74, 50, 4)","The Gulf Stream","Winslow Homer","The Gulf Stream, painted by Winslow Homer in 1899, is a dramatic and emotionally charged depiction of a man adrift in a small boat, surrounded by sharks and threatened by an approaching storm. The painting is a powerful exploration of human vulnerability in the face of nature's immense and indifferent forces. Homer's use of strong, bold colors and his attention to the details of the sea and sky create a sense of immediacy and tension. The Gulf Stream is often interpreted as a metaphor for the human condition, reflecting themes of struggle, isolation, and survival."
"(76, 52, 3)","The Red Vineyard","Vincent van Gogh","The Red Vineyard, painted by Vincent van Gogh in 1888, is one of the few paintings that the artist is known to have sold during his lifetime. The work depicts a group of laborers harvesting grapes in a vineyard under a glowing red sky, with the sun casting a warm, golden light over the scene. Van Gogh's use of vibrant, contrasting colors and his expressive brushwork capture the intensity of the moment and the connection between the workers and the land. The Red Vineyard is celebrated for its dynamic composition and its embodiment of Van Gogh's emotional and artistic vision."
"(78, 54, 4)","The Horse Fair","Rosa Bonheur","The Horse Fair, painted by Rosa Bonheur between 1852 and 1855, is one of the most famous works of animal painting in the 19th century. The painting depicts a bustling horse market in Paris, with a wide range of horses being displayed and sold. Bonheur's meticulous attention to detail, her understanding of animal anatomy, and her ability to capture the movement and energy of the scene make The Horse Fair a masterpiece of realism. The painting was widely praised for its technical skill and its depiction of the relationship between humans and animals."
"(80, 56, 4)","Ballet Rehearsal","Edgar Degas","Ballet Rehearsal, painted by Edgar Degas in the early 1870s, is one of the artist's most famous works and a key example of his exploration of the world of ballet. The painting depicts a group of dancers in various stages of preparation, with some stretching, others practicing their steps, and a few resting. Degas' use of unusual angles, his focus on the physicality of the dancers, and his attention to the effects of light and shadow create a sense of immediacy and intimacy. The work is celebrated for its depiction of movement, its exploration of the discipline of dance, and its innovative composition."
"(82, 58, 4)","The Annunciation","Leonardo da Vinci","The Annunciation, painted by Leonardo da Vinci between 1472 and 1475, is an early work that showcases the artist's developing mastery of light, shadow, and perspective. The painting depicts the angel Gabriel delivering the news to the Virgin Mary that she will conceive the Son of God. The serene setting, with its detailed landscape and classical architecture, reflects Leonardo's interest in the natural world and his studies of anatomy and proportion. The Annunciation is celebrated for its delicate use of color, its graceful figures, and its exploration of the divine and the earthly realms."
"(84, 60, 3)","The Haystack","Claude Monet","The Haystack series, created by Claude Monet between 1890 and 1891, is one of the most famous examples of the artist's exploration of light and color. The series depicts a stack of harvested wheat in a field, viewed from different angles and under various lighting conditions. Monet's use of loose brushwork, his focus on the effects of sunlight, and his ability to capture the changing atmosphere make The Haystack a key work in the development of Impressionism. The series is celebrated for its depiction of the passage of time and the transient beauty of the natural world."
"(86, 62, 4)","The Gleaners","Jean-François Millet","The Gleaners, painted by Jean-François Millet in 1857, is one of the most famous works of the Realist movement. The painting depicts three peasant women gleaning the fields after the harvest, bending down to collect the leftover grain. Millet's sympathetic portrayal of the rural poor, his focus on the dignity of labor, and his use of warm, earthy colors make The Gleaners a powerful and moving work. The painting was initially controversial due to its depiction of the harsh realities of rural life, but it is now recognized as a masterpiece of social realism."
"(88, 64, 3)","Lady with an Ermine","Leonardo da Vinci","Lady with an Ermine, painted by Leonardo da Vinci around 1489-1490, is a portrait of Cecilia Gallerani, a young woman at the Milanese court. The painting is celebrated for its delicate rendering of the subject's features, the soft, flowing drapery, and the lifelike depiction of the ermine she holds. The work is notable for its use of chiaroscuro, the contrast between light and shadow, which gives the figure a sense of three-dimensionality. Lady with an Ermine is considered one of Leonardo's most beautiful and intimate portraits, reflecting his mastery of both human and animal anatomy."